game_id,player_id,team_id,completions,pass_attempts,passing_yards,passing_td,interception,times_sacked,sack_yards,longest_pass,qbr,rush_attempts,rushing_yards,rushing_td,longest_run,receptions,receiving_yards,receiving_td,longest_reception,fumble,fumbles_lost
2022,270,5,22,33,263,1,0,7,43,75,100.9,2,3,0,4,0,0,0,0,0,0
2022,441,5,1,1,6,1,0,0,0,6,131.2,15,72,0,14,5,1,0,4,0,0
2022,53,5,0,0,0,0,0,0,0,0,,1,4,0,4,5,89,0,46,0,0
2022,297,5,0,0,0,0,0,0,0,0,,0,0,0,0,4,100,2,75,0,0
2022,7,5,0,0,0,0,0,0,0,0,,0,0,0,0,5,48,0,16,0,0
2022,471,5,0,0,0,0,0,0,0,0,,0,0,0,0,1,17,0,17,0,0
2022,185,5,0,0,0,0,0,0,0,0,,0,0,0,0,2,11,0,6,0,0
2022,128,5,0,0,0,0,0,0,0,0,,0,0,0,0,1,3,0,3,0,0
2022,461,5,0,0,0,0,0,0,0,0,,2,0,0,0,0,0,0,0,0,0
2022,98,3,26,40,283,3,2,2,13,35,89.9,3,6,0,7,0,0,0,0,0,0
2022,1,3,0,1,0,0,0,0,0,0,39.6,1,7,0,7,8,92,2,22,0,0
2022,29,3,0,0,0,0,0,0,0,0,,13,21,0,8,3,14,0,7,0,0
2022,351,3,0,0,0,0,0,0,0,0,,4,7,0,5,3,43,0,25,0,0
2022,326,3,0,0,0,0,0,0,0,0,,2,2,0,3,0,0,0,0,0,0
2022,69,3,0,0,0,0,0,0,0,0,,0,0,0,0,2,52,1,35,0,0
2022,482,3,0,0,0,0,0,0,0,0,,0,0,0,0,4,47,0,16,0,0
2022,250,3,0,0,0,0,0,0,0,0,,0,0,0,0,4,23,0,13,0,0
2022,322,3,0,0,0,0,0,0,0,0,,0,0,0,0,2,12,0,7,0,0
2021,248,19,26,49,270,0,2,3,27,33,52.3,5,33,0,11,0,0,0,0,1,0
2021,323,19,0,0,0,0,0,0,0,0,,9,64,0,26,2,23,0,18,0,0
2021,282,19,0,0,0,0,0,0,0,0,,1,5,0,5,7,73,0,23,0,0
2021,476,19,0,0,0,0,0,0,0,0,,2,5,0,3,2,10,0,9,0,0
2021,175,19,0,0,0,0,0,0,0,0,,0,0,0,0,10,133,0,33,0,0
2021,272,19,0,0,0,0,0,0,0,0,,0,0,0,0,1,13,0,13,0,0
2021,14,19,0,0,0,0,0,0,0,0,,0,0,0,0,1,11,0,11,0,0
2021,136,19,0,0,0,0,0,0,0,0,,0,0,0,0,2,4,0,4,0,0
2021,145,19,0,0,0,0,0,0,0,0,,0,0,0,0,1,3,0,3,0,0
2021,79,7,21,29,201,3,0,1,6,31,125.8,4,-2,0,0,0,0,0,0,1,0
2021,361,7,0,0,0,0,0,0,0,0,,16,89,1,27,4,46,0,15,0,0
2021,161,7,0,0,0,0,0,0,0,0,,12,61,0,13,0,0,0,0,0,0
2021,215,7,0,0,0,0,0,0,0,0,,0,0,0,0,6,67,2,25,0,0
2021,290,7,0,0,0,0,0,0,0,0,,0,0,0,0,1,31,0,31,0,0
2021,320,7,0,0,0,0,0,0,0,0,,0,0,0,0,3,26,0,15,0,0
2021,447,7,0,0,0,0,0,0,0,0,,0,0,0,0,5,22,1,16,0,0
2021,11,7,0,0,0,0,0,0,0,0,,0,0,0,0,2,9,0,8,0,0
2021,430,7,0,0,0,0,0,0,0,0,,0,0,0,0,0,0,0,0,0,0
2021,225,7,0,0,0,0,0,0,0,0,,0,0,0,0,0,0,0,0,0,0
2021,20,7,0,0,0,0,0,0,0,0,,0,0,0,0,0,0,0,0,0,0
2021,433,7,0,0,0,0,0,0,0,0,,1,-3,0,-3,0,0,0,0,0,0
2020,248,19,26,42,286,2,2,4,18,44,78.1,9,29,1,13,0,0,0,0,2,0
2020,376,19,0,0,0,0,0,0,0,0,,17,104,1,38,4,29,1,13,1,0
2020,175,19,0,0,0,0,0,0,0,0,,1,2,0,2,6,43,1,11,0,0
2020,282,19,0,0,0,0,0,0,0,0,,0,0,0,0,9,105,0,44,0,0
2020,272,19,0,0,0,0,0,0,0,0,,0,0,0,0,5,98,0,38,0,0
2020,378,19,0,0,0,0,0,0,0,0,,0,0,0,0,1,9,0,9,0,0
2020,295,19,0,0,0,0,0,0,0,0,,1,0,0,0,0,0,0,0,0,0
2020,136,19,0,0,0,0,0,0,0,0,,1,-6,0,-6,1,2,0,2,0,0
2020,192,18,20,31,219,1,2,1,9,26,69.2,2,2,0,3,0,0,0,0,0,0
2020,45,18,0,0,0,0,0,0,0,0,,12,58,1,17,1,2,0,2,0,0
2020,435,18,0,0,0,0,0,0,0,0,,3,53,0,32,5,39,0,16,0,0
2020,428,18,0,0,0,0,0,0,0,0,,5,28,0,17,1,3,0,3,0,0
2020,397,18,0,0,0,0,0,0,0,0,,0,0,0,0,2,42,0,26,0,0
2020,89,18,0,0,0,0,0,0,0,0,,0,0,0,0,3,39,1,15,0,0
2020,131,18,0,0,0,0,0,0,0,0,,0,0,0,0,3,38,0,18,0,0
2020,158,18,0,0,0,0,0,0,0,0,,0,0,0,0,4,36,0,12,0,0
2020,220,18,0,0,0,0,0,0,0,0,,0,0,0,0,1,20,0,20,0,0
2019,79,6,21,35,262,0,1,1,9,29,71.4,2,-2,0,-1,0,0,0,0,1,0
2019,326,6,0,0,0,0,0,0,0,0,,18,94,1,26,0,0,0,0,0,0
2019,236,6,0,0,0,0,0,0,0,0,,7,43,0,26,2,15,0,8,0,0
2019,488,6,0,0,0,0,0,0,0,0,,1,8,0,8,10,141,0,27,0,0
2019,187,6,0,0,0,0,0,0,0,0,,2,7,0,6,2,14,0,9,0,0
2019,363,6,0,0,0,0,0,0,0,0,,2,4,0,3,1,5,0,5,0,0
2019,215,6,0,0,0,0,0,0,0,0,,0,0,0,0,6,87,0,29,0,0
2019,61,6,0,0,0,0,0,0,0,0,,0,0,0,0,0,0,0,0,0,0
2019,453,3,19,38,229,0,1,4,31,24,57.9,0,0,0,0,0,0,0,0,0,0
2019,46,3,0,0,0,0,0,0,0,0,,10,35,0,16,1,-1,0,-1,0,0
2019,181,3,0,0,0,0,0,0,0,0,,7,22,0,5,2,12,0,9,1,0
2019,132,3,0,0,0,0,0,0,0,0,,1,5,0,5,5,70,0,18,0,0
2019,403,3,0,0,0,0,0,0,0,0,,0,0,0,0,8,120,0,24,0,0
2019,285,3,0,0,0,0,0,0,0,0,,0,0,0,0,3,28,0,11,0,0
2019,391,3,0,0,0,0,0,0,0,0,,0,0,0,0,0,0,0,0,0,0
2018,79,6,28,48,505,3,0,1,5,50,115.4,1,6,0,6,0,0,0,0,1,1
2018,402,6,0,1,0,0,0,0,0,0,39.6,0,0,0,0,8,152,0,50,0,0
2018,363,6,0,0,0,0,0,0,0,0,,7,45,1,26,2,21,0,15,0,0
2018,392,6,0,0,0,0,0,0,0,0,,9,39,0,8,0,0,0,0,0,0
2018,236,6,0,0,0,0,0,0,0,0,,3,18,0,9,1,46,0,46,0,0
2018,61,6,0,0,0,0,0,0,0,0,,1,4,0,4,6,128,1,43,0,0
2018,403,6,0,0,0,0,0,0,0,0,,1,1,0,1,1,23,0,23,0,0
2018,215,6,0,0,0,0,0,0,0,0,,0,0,0,0,9,116,2,25,0,0
2018,63,6,0,0,0,0,0,0,0,0,,0,0,0,0,1,19,0,19,0,0
2018,349,6,0,0,0,0,0,0,0,0,,0,0,0,0,0,0,0,0,0,0
2018,44,25,28,43,373,3,1,0,0,55,106.1,0,0,0,0,1,1,1,1,0,0
2018,466,25,1,1,1,1,0,0,0,1,118.7,0,0,0,0,0,0,0,0,0,0
2018,384,25,0,0,0,0,0,0,0,0,,14,90,1,36,0,0,0,0,0,0
2018,9,25,0,0,0,0,0,0,0,0,,9,57,0,26,0,0,0,0,0,0
2018,234,25,0,0,0,0,0,0,0,0,,1,9,0,9,9,84,0,24,0,0
2018,24,25,0,0,0,0,0,0,0,0,,3,8,0,6,4,100,1,55,0,0
2018,319,25,0,0,0,0,0,0,0,0,,0,0,0,0,3,73,1,34,0,0
2018,415,25,0,0,0,0,0,0,0,0,,0,0,0,0,7,67,1,19,0,0
2018,83,25,0,0,0,0,0,0,0,0,,0,0,0,0,5,49,0,17,0,0
2017,216,14,17,23,284,2,0,5,44,39,144.1,0,0,0,0,0,0,0,0,1,1
2017,190,14,0,0,0,0,0,0,0,0,,11,75,1,37,2,46,0,39,0,0
2017,428,14,0,0,0,0,0,0,0,0,,7,29,0,9,1,6,1,6,0,0
2017,237,14,0,0,0,0,0,0,0,0,,0,0,0,0,4,87,0,27,0,0
2017,148,14,0,0,0,0,0,0,0,0,,0,0,0,0,3,76,0,35,0,0
2017,60,14,0,0,0,0,0,0,0,0,,0,0,0,0,3,32,1,19,0,0
2017,188,14,0,0,0,0,0,0,0,0,,0,0,0,0,2,25,0,13,0,0
2017,27,14,0,0,0,0,0,0,0,0,,0,0,0,0,2,12,0,10,0,0
2017,79,6,43,62,466,2,1,5,24,28,95.2,1,15,0,15,0,0,0,0,0,0
2017,488,6,0,1,0,0,0,0,0,0,39.6,1,2,0,2,5,87,0,27,0,0
2017,384,6,0,0,0,0,0,0,0,0,,11,31,0,9,0,0,0,0,1,1
2017,363,6,0,0,0,0,0,0,0,0,,6,29,2,10,14,110,1,28,0,0
2017,392,6,0,0,0,0,0,0,0,0,,6,27,0,13,1,2,0,2,0,0
2017,402,6,0,0,0,0,0,0,0,0,,0,0,0,0,8,78,1,20,0,0
2017,398,6,0,0,0,0,0,0,0,0,,0,0,0,0,6,70,0,18,0,0
2017,431,6,0,0,0,0,0,0,0,0,,0,0,0,0,5,62,0,25,0,0
2017,61,6,0,0,0,0,0,0,0,0,,0,0,0,0,4,57,0,18,0,0
2016,303,15,18,41,265,0,1,6,64,45,55.4,6,45,0,14,0,0,0,0,2,2
2016,437,15,0,0,0,0,0,1,4,0,,0,0,0,0,4,74,0,45,0,0
2016,149,15,0,0,0,0,0,0,0,0,,12,29,1,12,1,-1,0,-1,0,0
2016,37,15,0,0,0,0,0,0,0,0,,4,26,0,15,1,14,0,8,0,0
2016,291,15,0,0,0,0,0,0,0,0,,5,18,0,11,0,0,0,0,2,1
2016,70,15,0,0,0,0,0,0,0,0,,0,0,0,0,4,80,0,42,0,0
2016,331,15,0,0,0,0,0,0,0,0,,0,0,0,0,4,41,0,19,0,0
2016,167,15,0,0,0,0,0,0,0,0,,0,0,0,0,2,40,0,24,0,0
2016,130,15,0,0,0,0,0,0,0,0,,0,0,0,0,2,17,0,11,0,0
2016,199,4,13,23,141,0,1,5,37,25,56.6,0,0,0,0,0,0,0,0,2,1
2016,181,4,0,0,0,0,0,0,0,0,,23,90,1,34,4,10,0,7,0,0
2016,131,4,0,0,0,0,0,0,0,0,,0,0,0,0,6,83,0,25,0,0
2016,292,4,0,0,0,0,0,0,0,0,,0,0,0,0,1,22,0,22,0,0
2016,454,4,0,0,0,0,0,0,0,0,,0,0,0,0,1,18,0,18,0,0
2016,222,4,0,0,0,0,0,0,0,0,,0,0,0,0,1,8,0,8,0,0
2016,389,4,0,0,0,0,0,0,0,0,,5,0,0,3,0,0,0,0,0,0
2016,373,4,0,0,0,0,0,0,0,0,,0,0,0,0,0,0,0,0,0,0
2015,79,6,37,50,328,4,2,1,8,23,101.1,2,-3,0,-1,0,0,0,0,0,0
2015,384,6,0,0,0,0,0,0,0,0,,14,40,0,9,0,0,0,0,0,0
2015,370,6,0,0,0,0,0,0,0,0,,4,13,0,7,11,64,0,16,0,0
2015,488,6,0,0,0,0,0,0,0,0,,1,7,0,7,9,109,1,23,0,0
2015,215,6,0,0,0,0,0,0,0,0,,0,0,0,0,6,68,1,22,0,0
2015,402,6,0,0,0,0,0,0,0,0,,0,0,0,0,5,48,1,17,0,0
2015,221,6,0,0,0,0,0,0,0,0,,0,0,0,0,4,29,1,11,0,0
2015,349,6,0,0,0,0,0,0,0,0,,0,0,0,0,1,6,0,6,0,0
2015,469,6,0,0,0,0,0,0,0,0,,0,0,0,0,1,4,0,4,0,0
2015,438,9,12,21,247,2,1,3,13,45,110.6,3,39,0,17,0,0,0,0,0,0
2015,117,9,0,0,0,0,0,0,0,0,,24,102,1,15,1,31,0,31,0,0
2015,76,9,0,0,0,0,0,0,0,0,,2,21,0,19,0,0,0,0,0,0
2015,58,9,0,0,0,0,0,0,0,0,,0,0,0,0,4,109,1,45,0,0
2015,380,9,0,0,0,0,0,0,0,0,,0,0,0,0,3,59,0,25,0,0
2015,85,9,0,0,0,0,0,0,0,0,,0,0,0,0,3,45,0,33,0,0
2015,269,9,0,0,0,0,0,0,0,0,,0,0,0,0,1,3,1,3,0,0
2015,94,9,0,0,0,0,0,0,0,0,,0,0,0,0,0,0,0,0,0,0
2014,199,4,34,49,280,1,2,1,1,23,73.5,1,0,0,0,0,0,0,0,1,1
2014,122,4,0,0,0,0,0,0,0,0,,5,17,0,9,3,20,0,7,1,0
2014,181,4,0,0,0,0,0,0,0,0,,2,9,0,6,1,14,0,14,0,0
2014,223,4,0,0,0,0,0,0,0,0,,6,1,0,3,2,2,0,1,0,0
2014,222,4,0,0,0,0,0,0,0,0,,0,0,0,0,13,118,1,23,1,1
2014,103,4,0,0,0,0,0,0,0,0,,0,0,0,0,8,84,0,22,0,0
2014,493,4,0,0,0,0,0,0,0,0,,0,0,0,0,4,27,0,11,0,0
2014,268,4,0,0,0,0,0,0,0,0,,0,0,0,0,2,9,0,11,0,0
2014,233,4,0,0,0,0,0,0,0,0,,0,0,0,0,1,6,0,6,0,0
2014,438,9,18,25,206,2,0,0,0,37,123.1,3,26,0,16,0,0,0,0,0,0
2014,359,9,0,1,0,0,0,0,0,0,39.6,0,0,0,0,0,0,0,0,0,0
2014,259,9,0,0,0,0,0,0,0,0,,2,45,0,30,1,5,0,5,0,0
2014,117,9,0,0,0,0,0,0,0,0,,15,39,1,18,0,0,0,0,0,0
2014,76,9,0,0,0,0,0,0,0,0,,9,25,0,6,0,0,0,0,0,0
2014,269,9,0,0,0,0,0,0,0,0,,0,0,0,0,5,66,1,37,0,0
2014,85,9,0,0,0,0,0,0,0,0,,0,0,0,0,4,65,1,24,0,0
2014,380,9,0,0,0,0,0,0,0,0,,0,0,0,0,1,19,0,19,0,0
2014,55,9,0,0,0,0,0,0,0,0,,0,0,0,0,3,17,0,9,0,0
2014,327,9,0,0,0,0,0,0,0,0,,0,0,0,0,2,17,0,12,0,0
2014,91,9,0,0,0,0,0,0,0,0,,0,0,0,0,1,10,0,10,0,0
2014,396,9,0,0,0,0,0,0,0,0,,0,0,0,0,1,7,0,7,0,0
2013,490,16,22,33,287,3,0,2,13,56,124.2,0,0,0,0,0,0,0,0,0,0
2013,31,16,0,0,0,0,0,0,0,0,,20,59,0,12,4,19,0,7,1,1
2013,386,16,0,0,0,0,0,0,0,0,,12,33,0,8,0,0,0,0,0,0
2013,330,16,0,0,0,0,0,0,0,0,,1,8,0,8,0,0,0,0,0,0
2013,23,16,0,0,0,0,0,0,0,0,,1,1,0,1,3,10,0,8,0,0
2013,13,16,0,0,0,0,0,0,0,0,,0,0,0,0,6,104,1,30,0,0
2013,325,16,0,0,0,0,0,0,0,0,,0,0,0,0,1,56,1,56,1,0
2013,194,16,0,0,0,0,0,0,0,0,,0,0,0,0,2,37,0,23,0,0
2013,83,16,0,0,0,0,0,0,0,0,,0,0,0,0,2,35,0,20,0,0
2013,239,16,0,0,0,0,0,0,0,0,,0,0,0,0,4,26,1,9,0,0
2013,195,16,0,0,0,0,0,0,0,0,,1,-8,0,-8,0,0,0,0,0,0
2013,345,18,16,28,302,1,1,3,16,32,91.7,7,62,1,15,0,0,0,0,0,0
2013,309,18,0,0,0,0,0,0,0,0,,19,110,1,33,0,0,0,0,0,0
2013,224,18,0,0,0,0,0,0,0,0,,3,10,0,9,0,0,0,0,1,1
2013,271,18,0,0,0,0,0,0,0,0,,0,0,0,0,5,109,1,31,0,0
2013,109,18,0,0,0,0,0,0,0,0,,0,0,0,0,6,104,0,29,0,0
2013,289,18,0,0,0,0,0,0,0,0,,0,0,0,0,3,48,0,28,0,0
2013,366,18,0,0,0,0,0,0,0,0,,0,0,0,0,2,41,0,32,0,0
2013,437,18,0,0,0,0,0,0,0,0,,0,0,0,0,0,0,0,0,0,0
2012,79,6,27,41,276,2,1,2,10,21,91.1,0,0,0,0,0,0,0,0,0,
2012,150,6,0,0,0,0,0,,,0,,10,44,0,17,2,15,0,8,0,
2012,103,6,0,0,0,0,0,,,0,,2,21,0,11,7,60,0,19,0,
2012,408,6,0,0,0,0,0,,,0,,7,18,0,6,4,42,1,19,0,
2012,177,6,0,0,0,0,0,,,0,,0,0,0,0,8,67,1,12,0,
2012,186,6,0,0,0,0,0,,,0,,0,0,0,0,3,45,0,19,0,
2012,215,6,0,0,0,0,0,,,0,,0,0,0,0,2,26,0,20,0,
2012,382,6,0,0,0,0,0,,,0,,0,0,0,0,1,21,0,21,0,
2012,166,24,30,40,296,1,0,3,14,38,103.7,1,-1,0,-1,0,0,0,0,0,
2012,208,24,0,0,0,0,0,,,0,,17,72,1,24,2,19,0,11,1,0
2012,47,24,0,0,0,0,0,,,0,,9,37,0,11,0,0,0,0,0,
2012,174,24,0,0,0,0,0,,,0,,1,6,0,6,1,8,0,8,0,
2012,77,24,0,0,0,0,0,,,0,,0,0,0,0,10,109,0,19,1,0
2012,452,24,0,0,0,0,0,,,0,,0,0,0,0,5,73,0,38,0,
2012,434,24,0,0,0,0,0,,,0,,0,0,0,0,4,33,0,12,0,
2012,217,24,0,0,0,0,0,,,0,,0,0,0,0,4,25,1,8,0,
2012,198,24,0,0,0,0,0,,,0,,0,0,0,0,2,19,0,13,0,
2012,288,24,0,0,0,0,0,,,0,,0,0,0,0,2,10,0,9,0,
2011,99,21,24,39,304,3,0,3,16,38,111.5,2,-2,0,-1,0,0,0,0,0,
2011,371,21,0,0,0,0,0,,,0,,11,52,0,14,0,0,0,0,0,
2011,317,21,0,0,0,0,0,,,0,,0,0,0,0,9,140,1,38,0,
2011,8,21,0,0,0,0,0,,,0,,0,0,0,0,4,64,2,31,0,
2011,165,21,0,0,0,0,0,,,0,,0,0,0,0,5,50,0,21,0,
2011,328,21,0,0,0,0,0,,,0,,0,0,0,0,2,28,0,24,0,
2011,474,21,0,0,0,0,0,,,0,,0,0,0,0,1,14,0,14,0,
2011,201,21,0,0,0,0,0,,,0,,0,0,0,0,1,5,0,5,0,
2011,470,21,0,0,0,0,0,,,0,,0,0,0,0,1,2,0,2,0,
2011,393,21,0,0,0,0,0,,,0,,0,0,0,0,1,1,0,1,0,
2011,241,21,0,0,0,0,0,,,0,,0,0,0,0,0,0,0,0,0,
2011,246,17,25,40,263,2,2,1,2,37,77.4,4,31,0,18,0,0,0,0,0,
2011,172,17,0,0,0,0,0,,,0,,14,63,1,17,1,7,0,7,1,1
2011,107,17,0,0,0,0,0,,,0,,2,19,0,16,0,0,0,0,0,
2011,293,17,0,0,0,0,0,,,0,,3,13,0,7,0,0,0,0,0,
2011,226,17,0,0,0,0,0,,0,0,,0,0,0,0,9,89,1,25,0,
2011,356,17,0,0,0,0,0,,0,0,,0,0,0,0,7,78,1,17,0,
2011,278,17,0,0,0,0,0,,,0,,0,0,0,0,2,50,0,37,0,
2011,131,17,0,0,0,0,0,,,0,,0,0,0,0,2,17,0,13,0,
2011,460,17,0,0,0,0,0,,,0,,0,0,0,0,2,12,0,15,0,
2011,423,17,0,0,0,0,0,,,0,,0,0,0,0,1,9,0,9,0,
2011,447,17,0,0,0,0,0,,,0,,0,0,0,0,1,1,0,1,0,
2010,199,1,31,45,333,1,1,0,0,40,88.5,0,0,0,0,0,0,0,0,0,
2010,4,1,0,0,0,0,0,,,0,,13,77,1,26,7,58,0,17,0,
2010,450,1,0,0,0,0,0,,,0,,4,18,0,5,1,11,0,11,0,
2010,176,1,0,0,0,0,0,,,0,,2,4,0,4,0,0,0,0,0,
2010,214,1,0,0,0,0,0,,,0,,0,0,0,0,7,86,0,27,0,
2010,230,1,0,0,0,0,0,,,0,,0,0,0,0,6,66,0,40,0,
2010,191,1,0,0,0,0,0,,,0,,0,0,0,0,5,66,1,19,0,
2010,49,1,0,0,0,0,0,,0,0,,0,0,0,0,5,46,0,14,0,
2010,483,12,32,39,288,2,0,1,7,27,114.5,1,-1,0,-1,0,0,0,0,0,
2010,140,12,0,0,0,0,0,,,0,,9,30,0,7,6,55,1,16,0,
2010,489,12,0,0,0,0,0,,,0,,5,25,0,12,4,38,0,16,0,
2010,65,12,0,0,0,0,0,,,0,,2,4,0,4,0,0,0,0,0,
2010,19,12,0,0,0,0,0,,,0,,0,0,0,0,7,83,0,27,0,0
2010,287,12,0,0,0,0,0,,,0,,0,0,0,0,2,21,0,21,0,
2010,157,12,0,0,0,0,0,,,0,,0,0,0,0,3,13,1,7,0,
2010,178,12,0,0,0,0,0,,,0,,0,0,0,0,1,9,0,9,0,
2010,458,12,0,0,0,0,0,,,0,,0,0,0,0,2,6,0,6,0,
2010,81,12,0,0,0,0,0,,,0,,1,-7,0,-7,7,63,0,19,0,
2009,485,13,31,43,377,3,1,2,3,64,112.3,1,0,0,0,0,0,0,0,2,1
2009,67,13,0,0,0,0,0,0,0,0,,9,33,0,9,4,28,0,11,0,
2009,364,13,0,0,0,0,0,0,0,0,,0,0,0,0,7,127,2,64,0,
2009,13,13,0,0,0,0,0,0,0,0,,0,0,0,0,8,84,0,45,0,
2009,312,13,0,0,0,0,0,0,0,0,,0,0,0,0,6,71,0,23,0,
2009,313,13,0,0,0,0,0,0,0,0,,1,0,0,0,2,35,0,22,0,0
2009,467,13,0,0,0,0,0,0,0,0,,0,0,0,0,1,18,0,18,0,0
2009,413,13,0,0,0,0,0,0,0,0,,1,0,0,0,2,13,0,10,0,
2009,43,13,0,0,0,0,0,0,0,0,,0,0,0,0,1,1,1,1,0,
2009,137,13,0,0,0,0,0,0,0,0,,0,0,0,0,0,0,0,0,0,
2009,246,17,21,30,256,1,1,3,22,40,93.2,3,2,0,4,0,0,0,0,0,
2009,265,17,0,0,0,0,0,,,0,,19,53,0,15,1,-2,0,-2,0,
2009,293,17,0,0,0,0,0,,,0,,1,6,0,6,1,4,0,4,0,
2009,2,17,0,0,0,0,0,,,0,,0,0,0,0,9,131,1,40,0,
2009,460,17,0,0,0,0,0,,,0,,0,0,0,0,5,57,0,21,0,
2009,356,17,0,0,0,0,0,,,0,,0,0,0,0,2,43,0,38,0,
2009,193,17,0,0,0,0,0,,,0,,0,0,0,0,1,11,0,11,0,
2009,423,17,0,0,0,0,0,,,0,,0,0,0,0,1,6,0,6,0,
2009,54,17,0,0,0,0,0,,,0,,0,0,0,0,1,6,0,6,0,
2009,310,17,0,0,0,0,0,,,0,,2,-3,1,1,0,0,0,0,0,0
2008,79,6,29,48,266,1,0,5,37,19,82.5,0,0,0,0,0,0,0,0,1,1
2008,429,6,0,0,0,0,0,,,0,,14,36,1,9,2,12,0,8,0,
2008,82,6,0,0,0,0,0,,,0,,1,7,0,7,7,52,0,14,0,
2008,336,6,0,0,0,0,0,,,0,,1,2,0,2,0,0,0,0,0,
2008,103,6,0,0,0,0,0,,0,0,,0,0,0,0,11,103,0,19,0,
2008,366,6,0,0,0,0,0,,,0,,0,0,0,0,5,62,1,18,0,
2008,64,6,0,0,0,0,0,,,0,,0,0,0,0,3,34,0,18,0,
2008,135,6,0,0,0,0,0,,,0,,0,0,0,0,1,3,0,3,0,
2008,127,6,0,0,0,0,0,,0,0,,0,0,0,0,0,0,0,0,0,
2008,163,6,0,0,0,0,0,,,0,,0,0,0,0,0,0,0,0,0,
2008,166,24,19,34,255,2,1,3,8,45,87.3,3,4,0,5,0,0,0,0,2,0
2008,208,24,0,0,0,0,0,,,0,,9,45,0,13,1,3,0,3,0,
2008,47,24,0,0,0,0,0,,,0,,14,42,0,7,0,0,0,0,0,
2008,340,24,0,0,0,0,0,,,0,,0,0,0,0,6,84,0,38,0,
2008,477,24,0,0,0,0,0,,,0,,0,0,0,0,5,50,0,17,0,
2008,332,24,0,0,0,0,0,,,0,,0,0,0,0,1,45,0,45,0,
2008,56,24,0,0,0,0,0,,,0,,0,0,0,0,3,43,1,32,0,
2008,204,24,0,0,0,0,0,,,0,,0,0,0,0,2,27,1,14,0,
2008,151,24,0,0,0,0,0,,,0,,0,0,0,0,1,3,0,3,0,
2007,457,10,20,28,165,1,2,1,11,22,68.3,2,0,0,0,0,0,0,0,2,1
2007,283,10,0,0,0,0,0,,,0,,15,112,0,52,4,18,0,14,0,
2007,494,10,0,0,0,0,0,,,0,,0,0,0,0,6,64,0,18,0,
2007,360,10,0,0,0,0,0,,,0,,0,0,0,0,4,38,0,14,0,
2007,410,10,0,0,0,0,0,,,0,,0,0,0,0,3,35,1,22,0,
2007,341,10,0,0,0,0,0,,,0,,0,0,0,0,2,8,0,4,0,
2007,105,10,0,0,0,0,0,,,0,,0,0,0,0,1,2,0,2,0,
2007,337,10,0,0,0,0,0,,,0,,2,-1,0,4,0,0,0,0,1,1
2007,199,1,25,38,247,1,1,1,8,53,81.8,1,0,0,0,0,0,0,0,1,1
2007,308,1,0,0,0,0,0,,,0,,21,113,1,36,1,8,0,8,0,
2007,4,1,0,0,0,0,0,,,0,,19,77,0,14,10,66,0,12,0,0
2007,214,1,0,0,0,0,0,,,0,,1,1,0,1,4,36,0,17,0,
2007,49,1,0,0,0,0,0,,,0,,0,0,0,0,2,61,1,53,0,
2007,48,1,0,0,0,0,0,,,0,,0,0,0,0,5,59,0,22,0,
2007,68,1,0,0,0,0,0,,,0,,0,0,0,0,2,9,0,6,1,1
2007,114,1,0,0,0,0,0,,,0,,0,0,0,0,1,8,0,8,0,
2007,125,1,,,,,,,,,,,,,,0,0,0,,0,
2006,246,17,9,21,123,0,2,1,8,37,22.6,7,25,1,10,0,0,0,0,0,
2006,278,17,1,1,43,1,0,0,0,43,158.3,0,0,0,0,3,22,0,8,0,
2006,146,17,0,0,0,0,0,0,,0,,14,43,0,12,0,0,0,0,0,
2006,265,17,0,0,0,0,0,,,0,,10,93,1,75,1,1,0,1,0,
2006,356,17,0,0,0,0,0,,0,0,,1,18,0,18,5,123,1,43,0,
2006,160,17,0,0,0,0,0,,,0,,1,2,0,2,0,0,0,0,0,
2006,139,17,0,0,0,0,0,,0,0,,0,0,0,0,1,20,0,20,0,
2006,263,17,,,,,,,,,,,,,,0,0,0,,0,
2006,193,17,,,,,,,,,,,,,,0,0,0,,0,
2006,255,9,26,49,273,1,1,3,14,35,67.8,3,35,0,18,0,0,0,0,0,
2006,108,9,0,0,0,0,0,,,0,,20,95,0,21,2,2,0,4,0,
2006,156,9,0,0,0,0,0,,,0,,2,7,0,7,2,15,0,13,0,
2006,196,9,0,0,0,0,0,,,0,,0,0,0,0,5,93,0,35,0,
2006,266,9,0,0,0,0,0,,,0,,0,0,0,0,6,70,0,21,0,
2006,25,9,0,0,0,0,0,,,0,,0,0,0,0,5,50,0,20,0,
2006,348,9,0,0,0,0,0,,,0,,0,0,0,0,3,25,1,16,0,
2006,354,9,0,0,0,0,0,,,0,,0,0,0,0,2,12,0,9,0,
2006,294,9,0,0,0,0,0,,,0,,0,0,0,0,1,6,0,6,0,0
2006,436,9,,,,,,,,,,,,,,0,0,0,,0,
2005,79,6,23,33,236,2,0,2,17,27,110.2,1,-1,0,-1,0,0,0,0,1,1
2005,254,6,0,0,0,0,0,,,0,,18,75,1,25,3,31,0,16,0,
2005,82,6,0,0,0,0,0,,,0,,8,38,0,12,2,27,0,14,0,
2005,186,6,0,0,0,0,0,,,0,,0,0,0,0,11,133,0,27,0,
2005,404,6,0,0,0,0,0,,,0,,0,0,0,0,3,19,1,13,0,
2005,443,6,0,0,0,0,0,,,0,,0,0,0,0,2,17,0,12,0,
2005,182,6,0,0,0,0,0,,,0,,0,0,0,0,1,7,0,7,0,
2005,479,6,0,0,0,0,0,,0,0,,0,0,0,0,1,2,1,2,0,
2005,346,6,0,0,0,0,0,,,0,,1,0,0,0,0,0,0,0,0,
2005,449,6,,,,,,,,,,,,,,0,0,0,,0,
2005,243,25,30,51,357,3,3,4,33,40,75.4,1,0,0,0,0,0,0,0,0,
2005,405,25,0,0,0,0,0,,,0,,15,44,0,22,7,60,1,15,1,0
2005,273,25,0,0,0,0,0,,,0,,1,1,0,1,0,0,0,0,0,
2005,446,25,0,0,0,0,0,,,0,,0,0,0,0,9,122,0,36,0,
2005,93,25,0,0,0,0,0,,,0,,0,0,0,0,4,82,0,40,0,
2005,357,25,0,0,0,0,0,,,0,,0,0,0,0,4,53,1,30,0,
2005,183,25,0,0,0,0,0,,,0,,0,0,0,0,4,27,1,9,1,1
2005,210,25,0,0,0,0,0,,,0,,0,0,0,0,1,11,0,11,0,
2005,87,25,0,0,0,0,0,,,0,,0,0,0,0,1,2,0,2,0,
2004,459,15,16,33,323,3,0,4,28,85,113.6,0,0,0,0,0,0,0,0,1,1
2004,414,15,0,0,0,0,0,0,,0,,0,0,0,0,4,80,1,39,0,
2004,480,15,0,0,0,0,0,,,0,,13,49,0,21,0,0,0,0,0,
2004,101,15,0,0,0,0,0,,,0,,3,43,1,33,1,9,0,9,0,
2004,410,15,0,0,0,0,0,,,0,,0,0,0,0,4,140,1,85,0,
2004,299,15,0,0,0,0,0,,,0,,0,0,0,0,4,71,1,31,0,
2004,465,15,0,0,0,0,0,,0,0,,0,0,0,0,2,21,0,15,0,
2004,421,15,0,0,0,0,0,,,0,,0,0,0,0,1,2,0,2,0,
2004,171,15,0,0,0,0,0,,,0,,0,0,0,0,0,0,0,0,0,
2004,79,6,32,48,354,3,1,0,0,52,100.5,2,12,0,12,0,0,0,0,0,
2004,251,6,0,0,0,0,0,,,0,,26,83,1,9,0,0,0,0,0,
2004,82,6,0,0,0,0,0,,,0,,6,42,0,23,4,19,0,7,0,
2004,186,6,0,0,0,0,0,,,0,,0,0,0,0,10,143,1,52,0,
2004,404,6,0,0,0,0,0,,,0,,0,0,0,0,5,69,1,25,0,
2004,182,6,0,0,0,0,0,,,0,,0,0,0,0,4,46,0,33,0,
2004,479,6,0,0,0,0,0,,,0,,0,0,0,0,1,1,1,1,0,
2004,333,6,0,0,0,0,0,,,0,,0,0,0,0,0,0,0,0,0,0
2004,342,6,0,0,0,0,0,,,0,,0,0,0,0,0,0,0,0,0,
2004,443,6,0,0,0,0,0,,,0,,1,-10,0,-10,8,76,0,13,1,0
2004,390,6,,,,,,,,,,,,,,0,0,0,,0,
2004,33,6,,,,,,,,,,,,,,0,0,0,,0,
2003,229,2,24,44,272,2,5,5,22,48,48.9,2,3,0,2,0,0,0,0,1,0
2003,116,2,0,0,0,0,0,,,0,,7,10,0,4,7,51,0,9,0,
2003,253,2,0,0,0,0,0,,,0,,2,6,0,4,0,0,0,0,0,
2003,318,2,0,0,0,0,0,,,0,,0,0,0,0,5,77,1,48,0,
2003,30,2,0,0,0,0,0,,,0,,0,0,0,0,4,62,1,39,0,
2003,95,2,0,0,0,0,0,,,0,,0,0,0,0,5,59,0,25,0,
2003,113,2,0,0,0,0,0,,,0,,0,0,0,0,1,9,0,9,0,
2003,142,2,0,0,0,0,0,,0,0,,0,0,0,0,1,7,0,7,0,
2003,152,2,0,0,0,0,0,,,0,,0,0,0,0,1,7,0,7,0,
2003,306,2,0,0,0,0,0,,,0,,0,0,0,0,0,0,0,0,0,
2003,481,7,18,34,215,2,1,0,0,33,79.9,1,10,0,10,0,0,0,0,0,
2003,32,7,0,0,0,0,0,,,0,,29,124,0,24,0,0,0,0,0,
2003,133,7,0,0,0,0,0,,,0,,10,15,1,5,5,43,0,16,0,
2003,84,7,0,0,0,0,0,,,0,,1,1,0,1,0,0,0,0,0,
2003,196,7,0,0,0,0,0,,,0,,0,0,0,0,4,78,0,33,0,
2003,129,7,0,0,0,0,0,,,0,,0,0,0,0,6,69,0,18,0,
2003,426,7,0,0,0,0,0,,,0,,0,0,0,0,2,13,2,8,0,
2003,347,7,0,0,0,0,0,,,0,,0,0,0,0,1,12,0,12,0,
2003,110,7,0,0,0,0,0,,,0,,1,0,0,0,0,0,0,0,1,0
2003,71,7,,,,,,,,,,,,,,0,0,0,,0,
2002,79,6,16,27,145,1,0,1,7,23,86.2,1,3,0,3,0,0,0,0,0,
2002,82,6,0,0,0,0,0,1,4,0,,2,15,0,8,1,-1,0,-1,0,
2002,251,6,0,0,0,0,0,,,0,,18,92,0,17,1,4,0,4,0,
2002,449,6,0,0,0,0,0,,,0,,1,22,0,22,1,8,1,8,0,
2002,276,6,0,0,0,0,0,,,0,,2,5,0,3,2,7,0,5,0,
2002,443,6,0,0,0,0,0,,,0,,0,0,0,0,6,89,0,23,0,
2002,465,6,0,0,0,0,0,,0,0,,0,0,0,0,2,14,0,8,0,
2002,346,6,0,0,0,0,0,,,0,,0,0,0,0,0,0,0,0,0,
2002,388,6,0,0,0,0,0,,,0,,1,-4,0,-4,3,24,0,11,0,
2002,485,3,28,44,365,1,2,3,28,30,78.3,3,6,1,5,0,0,0,0,1,0
2002,35,3,0,0,0,0,0,,,0,,17,76,0,15,4,54,0,18,0,
2002,200,3,0,0,0,0,0,,,0,,1,5,0,5,5,90,0,29,0,
2002,420,3,0,0,0,0,0,,,0,,1,3,0,3,1,8,0,8,0,
2002,299,3,0,0,0,0,0,,,0,,0,0,0,0,3,71,1,30,1,1
2002,321,3,0,0,0,0,0,,,0,,0,0,0,0,5,56,0,22,0,
2002,154,3,0,0,0,0,0,,,0,,0,0,0,0,5,49,0,18,0,
2002,228,3,0,0,0,0,0,,,0,,0,0,0,0,2,18,0,12,0,
2002,300,3,0,0,0,0,0,,,0,,0,0,0,0,1,11,0,11,0,
2002,305,3,0,0,0,0,0,,,0,,0,0,0,0,2,8,0,9,0,
2001,96,24,15,39,112,0,4,4,26,19,7.1,3,12,0,5,0,0,0,0,1,0
2001,162,24,0,0,0,0,0,,,0,,11,49,0,27,6,26,0,7,0,
2001,88,24,0,0,0,0,0,,,0,,2,5,0,4,0,0,0,0,0,
2001,448,24,0,0,0,0,0,,,0,,0,0,0,0,3,30,0,13,0,
2001,340,24,0,0,0,0,0,,0,0,,0,0,0,0,2,24,0,19,0,
2001,451,24,0,0,0,0,0,,,0,,0,0,0,0,1,16,0,16,1,0
2001,124,24,0,0,0,0,0,,,0,,0,0,0,0,1,7,0,7,0,
2001,440,24,0,0,0,0,0,,,0,,0,0,0,0,1,7,0,7,0,
2001,343,24,0,0,0,0,0,,,0,,0,0,0,0,1,2,0,2,0,
2001,196,24,,,,,,,,,,,,,,0,0,0,,0,
2001,179,16,12,25,153,1,0,3,20,44,80.9,1,0,0,0,0,0,0,0,1,0
2001,121,16,0,1,0,0,0,0,0,0,39.6,0,0,0,0,0,0,0,0,0,
2001,218,16,0,0,0,0,0,,,0,,27,102,1,19,1,4,0,4,0,
2001,36,16,0,0,0,0,0,,,0,,4,8,0,6,1,4,0,4,0,
2001,202,16,0,0,0,0,0,,,0,,1,1,0,1,1,6,0,6,1,0
2001,12,16,0,0,0,0,0,,,0,,0,0,0,0,3,52,1,38,0,
2001,34,16,0,0,0,0,0,,,0,,0,0,0,0,1,44,0,44,0,
2001,256,16,0,0,0,0,0,,,0,,0,0,0,0,3,30,0,17,0,
2001,0,16,0,0,0,0,0,,,0,,0,0,0,0,1,8,0,8,0,
2001,399,16,0,0,0,0,0,,,0,,0,0,0,0,1,5,0,5,0,
2000,102,20,22,36,214,0,0,1,6,32,77.8,8,64,0,23,0,0,0,0,0,
2000,487,20,0,0,0,0,0,,,0,,28,95,2,13,2,35,0,32,0,
2000,207,20,0,0,0,0,0,,,0,,0,0,0,0,7,64,0,21,1,0
2000,213,20,0,0,0,0,0,,,0,,0,0,0,0,4,41,0,16,0,
2000,219,20,0,0,0,0,0,,0,0,,0,0,0,0,5,35,0,13,0,
2000,17,20,0,0,0,0,0,,,0,,0,0,0,0,2,21,0,21,0,
2000,381,20,0,0,0,0,0,,,0,,0,0,0,0,2,18,0,9,0,
2000,22,20,,,,,,,,,,,,,,0,0,0,,0,
2000,485,3,24,45,414,2,0,2,7,73,99.7,1,1,0,1,0,0,0,0,1,0
2000,35,3,0,0,0,0,0,,,0,,10,17,0,4,5,90,0,52,0,
2000,155,3,0,0,0,0,0,,,0,,1,11,0,11,1,1,0,1,0,
2000,321,3,0,0,0,0,0,,,0,,0,0,0,0,6,162,1,73,0,
2000,154,3,0,0,0,0,0,,,0,,0,0,0,0,7,109,1,32,0,
2000,200,3,0,0,0,0,0,,,0,,0,0,0,0,1,17,0,17,0,
2000,305,3,0,0,0,0,0,,,0,,0,0,0,0,1,16,0,16,0,
2000,299,3,0,0,0,0,0,,,0,,0,0,0,0,1,11,0,11,0,
2000,374,3,0,0,0,0,0,,,0,,0,0,0,0,1,9,0,11,0,
2000,235,3,0,0,0,0,0,,,0,,1,0,0,0,0,0,0,0,1,0
2000,352,3,0,0,0,0,0,,,0,,0,0,0,0,1,-1,0,-1,0,
1999,267,14,19,35,219,1,3,2,13,30,47.2,4,30,0,12,0,0,0,0,0,
1999,57,14,0,0,0,0,0,0,0,0,,18,96,0,15,3,16,0,9,1,1
1999,338,14,0,0,0,0,0,0,0,0,,1,5,0,5,0,0,0,0,0,
1999,159,14,0,0,0,0,0,0,0,0,,0,0,0,0,7,85,1,30,0,
1999,258,14,0,0,0,0,0,0,0,0,,0,0,0,0,5,79,0,23,0,
1999,257,14,0,0,0,0,0,0,0,0,,0,0,0,0,2,21,0,13,0,
1999,50,14,0,0,0,0,0,0,0,0,,0,0,0,0,1,13,0,13,0,
1999,427,14,0,0,0,0,0,0,0,0,,0,0,0,0,1,5,0,5,0,
1999,212,14,,,,,,,,,,,,,,0,0,0,,0,
1999,106,4,18,29,336,1,1,0,0,80,99.2,3,2,1,3,0,0,0,0,0,
1999,38,4,0,0,0,0,0,0,0,0,,25,102,0,15,2,50,0,39,0,
1999,422,4,0,0,0,0,0,0,0,0,,4,9,2,4,1,7,0,7,0,
1999,277,4,0,0,0,0,0,0,0,0,,2,8,0,6,0,0,0,0,0,
1999,249,4,0,0,0,0,0,0,0,0,,1,1,0,1,5,152,1,80,0,
1999,16,4,0,0,0,0,0,0,0,0,,0,0,0,0,5,72,0,25,0,
1999,170,4,0,0,0,0,0,0,0,0,,0,0,0,0,3,29,0,13,0,
1999,399,4,0,0,0,0,0,0,0,0,,0,0,0,0,2,26,0,14,0,
1999,112,4,0,0,0,0,0,0,0,0,,1,-1,0,-1,0,0,0,0,0,
1999,284,4,,,,,,,,,,,,,,0,0,0,,0,
1999,395,4,,,,,,,,,,,,,,0,0,0,,0,
1998,106,4,12,22,123,0,1,0,0,36,51.9,5,17,1,10,0,0,0,0,0,
1998,38,4,0,0,0,0,0,,,0,,30,157,3,27,2,8,0,4,1,1
1998,119,4,0,0,0,0,0,,,0,,3,3,0,2,1,5,0,5,0,
1998,422,4,0,0,0,0,0,,,0,,1,2,0,2,1,23,0,23,0,
1998,16,4,0,0,0,0,0,,,0,,0,0,0,0,2,45,0,36,0,
1998,399,4,0,0,0,0,0,,,0,,0,0,0,0,5,38,0,12,0,
1998,395,4,0,0,0,0,0,,,0,,0,0,0,0,1,4,0,4,0,
1998,249,4,0,0,0,0,0,,,0,,0,0,0,0,0,0,0,0,0,
1998,284,4,,,,,,,,,,,,,,0,0,0,0,0,
1998,244,21,25,42,256,3,1,1,1,27,91,0,0,0,0,0,0,0,0,1,1
1998,273,21,0,0,0,0,0,,,0,,19,90,0,16,6,56,0,22,0,
1998,486,21,0,0,0,0,0,,,0,,1,5,0,5,3,16,0,10,0,
1998,419,21,0,0,0,0,0,,,0,,0,0,0,0,9,126,2,27,1,1
1998,227,21,0,0,0,0,0,,,0,,0,0,0,0,4,43,1,21,0,
1998,21,21,0,0,0,0,0,,,0,,0,0,0,0,2,9,0,7,0,
1998,418,21,0,0,0,0,0,,,0,,0,0,0,0,1,6,0,6,0,
1998,147,21,,,,,,,,,,,,,,0,0,0,0,0,
1997,244,21,14,27,246,2,0,5,38,81,107.9,4,12,1,12,0,0,0,0,0,
1997,273,21,0,0,0,0,0,,,0,,14,61,0,12,3,23,0,14,0,
1997,301,21,0,0,0,0,0,,,0,,17,40,0,10,1,4,0,4,0,
1997,21,21,0,0,0,0,0,,,0,,1,2,0,2,2,14,0,8,0,
1997,419,21,0,0,0,0,0,,,0,,0,0,0,0,3,105,1,81,0,
1997,334,21,0,0,0,0,0,,,0,,0,0,0,0,2,77,1,54,0,
1997,227,21,0,0,0,0,0,,,0,,0,0,0,0,2,13,0,8,0,
1997,41,21,0,0,0,0,0,,,0,,0,0,0,0,1,10,0,10,0,
1997,418,21,,,,,,,,,,,,,,0,0,0,,0,
1997,407,6,25,48,253,2,4,5,39,44,46.6,1,1,0,1,0,0,0,0,0,
1997,118,6,0,0,0,0,0,,,0,,11,42,1,18,3,28,0,20,0,
1997,256,6,0,0,0,0,0,,,0,,0,0,0,0,6,67,1,19,0,
1997,400,6,0,0,0,0,0,,,0,,0,0,0,0,4,62,0,44,0,
1997,475,6,0,0,0,0,0,,,0,,0,0,0,0,4,42,1,32,0,
1997,444,6,0,0,0,0,0,,,0,,0,0,0,0,3,34,0,14,0,
1997,203,6,0,0,0,0,0,,,0,,0,0,0,0,2,12,0,7,0,
1997,279,6,0,0,0,0,0,,,0,,1,0,0,0,3,8,0,5,0,
1996,238,22,15,23,209,1,0,2,11,47,108.8,4,-3,0,0,0,0,0,0,0,
1996,26,22,0,0,0,0,0,,,0,,18,49,2,23,1,3,0,3,0,
1996,211,22,0,0,0,0,0,,,0,,2,8,0,4,1,4,0,4,0,
1996,412,22,0,0,0,0,0,,0,0,,1,2,0,2,2,29,0,22,0,
1996,315,22,0,0,0,0,0,,,0,,0,0,0,0,5,76,0,20,0,
1996,344,22,0,0,0,0,0,,,0,,0,0,0,0,5,50,1,19,0,
1996,173,22,0,0,0,0,0,,,0,,0,0,0,0,1,47,0,47,0,
1996,385,17,28,49,239,1,3,4,32,19,51.3,1,0,0,0,0,0,0,0,0,
1996,456,17,0,0,0,0,0,,,0,,19,73,1,15,3,18,0,10,0,
1996,141,17,0,0,0,0,0,,,0,,6,15,0,4,0,0,0,0,0,
1996,353,17,0,0,0,0,0,,,0,,4,15,0,7,0,0,0,0,0,
1996,138,17,0,0,0,0,0,,,0,,0,0,0,0,10,98,0,19,0,
1996,40,17,0,0,0,0,0,,,0,,0,0,0,0,8,78,0,17,1,0
1996,362,17,0,0,0,0,0,,,0,,0,0,0,0,2,19,0,10,0,
1996,66,17,0,0,0,0,0,,,0,,0,0,0,0,3,19,1,10,0,
1996,247,17,0,0,0,0,0,,,0,,1,0,0,0,2,7,0,5,0,
1996,74,17,0,0,0,0,0,,,0,,0,0,0,0,0,0,0,0,0,
1996,355,17,,,,,,,,,,,,,,0,0,0,0,0,
1995,491,11,24,49,275,1,2,2,18,33,56.1,1,3,0,3,0,0,0,0,0,
1995,424,11,3,6,30,0,1,0,0,20,25,1,8,0,8,0,0,0,0,0,
1995,261,11,0,0,0,0,0,,,0,,13,33,1,11,1,4,0,4,0,
1995,339,11,0,0,0,0,0,,,0,,2,10,0,10,8,68,0,20,0,
1995,444,11,0,0,0,0,0,,,0,,1,10,0,10,2,15,0,9,0,
1995,18,11,0,0,0,0,0,,,0,,1,3,0,3,1,33,0,33,0,
1995,275,11,0,0,0,0,0,,,0,,0,0,0,0,7,75,0,22,0,
1995,258,11,0,0,0,0,0,,,0,,0,0,0,0,3,59,1,30,0,
1995,262,11,0,0,0,0,0,,,0,,0,0,0,0,4,48,0,23,0,
1995,97,11,0,0,0,0,0,,0,0,,0,0,0,0,1,3,0,3,0,
1995,5,18,24,36,325,6,0,3,15,51,134.8,5,49,0,21,0,0,0,0,0,
1995,358,18,1,1,6,0,0,0,0,6,91.7,0,0,0,0,0,0,0,0,0,
1995,6,18,0,1,0,0,0,0,0,0,39.6,1,0,0,0,0,0,0,0,1,0
1995,473,18,0,0,0,0,0,,,0,,15,47,1,13,3,61,2,51,1,0
1995,304,18,0,0,0,0,0,,,0,,9,32,0,6,4,26,1,9,0,
1995,318,18,0,0,0,0,0,,,0,,1,10,0,10,10,149,3,44,0,
1995,144,18,0,0,0,0,0,,,0,,1,1,0,1,0,0,0,0,0,
1995,206,18,0,0,0,0,0,,,0,,0,0,0,0,4,43,0,16,0,
1995,42,18,0,0,0,0,0,,,0,,0,0,0,0,2,41,0,33,0,
1995,245,18,0,0,0,0,0,,,0,,0,0,0,0,1,6,0,6,0,
1995,16,18,0,0,0,0,0,,,0,,0,0,0,0,1,5,0,5,0,
1995,173,18,0,0,0,0,0,,,0,,0,0,0,0,0,0,0,0,0,
1995,286,18,,,,,,,,,,,,,,0,0,0,,0,
1994,329,23,31,50,260,0,1,3,33,24,67.1,2,12,0,8,0,0,0,0,0,
1994,232,23,0,0,0,0,0,,,0,,9,38,0,11,3,-5,0,7,1,0
1994,417,23,0,0,0,0,0,,0,0,,16,37,1,6,7,52,0,24,2,2
1994,62,23,0,0,0,0,0,,,0,,0,0,0,0,6,75,0,22,0,
1994,164,23,0,0,0,0,0,,,0,,0,0,0,0,7,63,0,15,0,
1994,464,23,0,0,0,0,0,,,0,,0,0,0,0,6,60,0,18,0,
1994,184,23,0,0,0,0,0,,,0,,0,0,0,0,1,8,0,8,0,
1994,15,23,0,0,0,0,0,,,0,,0,0,0,0,1,7,0,7,0,
1994,432,23,0,0,0,0,0,,,0,,0,0,0,0,0,0,0,0,0,
1994,238,22,19,27,207,0,1,2,3,35,77.2,1,3,0,3,0,0,0,0,0,
1994,197,22,0,0,0,0,0,0,,0,,0,0,0,0,3,75,0,35,0,
1994,126,22,0,0,0,0,0,0,,0,,1,-1,0,-1,0,0,0,0,0,
1994,26,22,0,0,0,0,0,,,0,,30,132,2,15,4,26,0,10,0,
1994,412,22,0,0,0,0,0,,,0,,1,6,0,6,0,0,0,0,0,
1994,315,22,0,0,0,0,0,,,0,,0,0,0,0,5,66,0,20,0,
1994,344,22,0,0,0,0,0,,,0,,0,0,0,0,5,26,0,9,0,
1994,211,22,0,0,0,0,0,,,0,,1,0,0,0,2,14,0,11,0,
1994,468,22,0,0,0,0,0,,,0,,1,-3,0,-3,0,0,0,0,0,
1993,153,23,18,31,194,1,2,2,12,40,60.4,2,0,0,0,0,0,0,0,3,2
1993,329,23,4,7,82,0,2,2,10,40,58.9,0,0,0,0,0,0,0,0,1,1
1993,232,23,0,0,0,0,0,,,0,,15,86,0,14,3,16,0,13,0,
1993,417,23,0,0,0,0,0,,0,0,,11,19,1,9,4,10,0,7,1,1
1993,3,23,0,0,0,0,0,,,0,,1,3,0,3,0,0,0,0,0,
1993,62,23,0,0,0,0,0,,,0,,0,0,0,0,8,152,0,40,0,
1993,464,23,0,0,0,0,0,,,0,,0,0,0,0,2,50,1,40,0,
1993,10,23,0,0,0,0,0,,,0,,0,0,0,0,2,30,0,16,1,1
1993,184,23,0,0,0,0,0,,,0,,0,0,0,0,2,12,0,7,0,
1993,15,23,0,0,0,0,0,,,0,,0,0,0,0,1,6,0,6,0,
1993,143,23,0,0,0,0,0,,,0,,0,0,0,0,0,0,0,0,0,
1993,238,22,22,30,273,4,0,1,2,45,140.7,3,28,0,19,0,0,0,0,0,
1993,26,22,0,0,0,0,0,,,0,,22,108,1,38,6,27,0,18,1,0
1993,281,22,0,0,0,0,0,,,0,,2,1,0,1,0,0,0,0,0,
1993,315,22,0,0,0,0,0,,,0,,0,0,0,0,6,114,2,25,0,
1993,344,22,0,0,0,0,0,,,0,,0,0,0,0,7,72,1,23,0,
1993,197,22,0,0,0,0,0,,,0,,0,0,0,0,1,45,1,45,0,
1993,211,22,0,0,0,0,0,,,0,,1,0,0,0,2,15,0,8,0,
1993,92,22,0,0,0,0,0,,,0,,0,0,0,0,0,0,0,0,0,
1993,264,22,0,0,0,0,0,,,0,,1,0,0,0,0,0,0,0,1,1
1992,329,23,28,58,275,2,4,5,46,43,44.8,3,16,0,9,-8,0,-8,3,2,
1992,153,23,1,1,11,0,0,0,0,11,112.5,0,0,0,0,0,0,0,0,0,
1992,232,23,0,0,0,0,0,,,0,,4,17,0,13,4,38,0,12,0,
1992,417,23,0,0,0,0,0,,0,0,,10,13,1,6,4,27,0,8,0,
1992,464,23,0,0,0,0,0,,,0,,0,0,0,0,4,61,1,43,0,
1992,62,23,0,0,0,0,0,,,0,,0,0,0,0,5,34,0,12,1,0
1992,15,23,0,0,0,0,0,,,0,,0,0,0,0,2,29,0,21,0,
1992,115,23,0,0,0,0,0,,,0,,0,0,0,0,1,11,0,11,0,
1992,184,23,0,0,0,0,0,,,0,,0,0,0,0,1,2,1,2,0,
1992,143,23,0,0,0,0,0,,,0,,1,-3,0,-3,7,92,0,18,1,0
1992,416,0,18,33,292,2,1,0,0,41,92,6,-4,0,2,0,0,0,0,0,
1992,59,0,0,0,0,0,0,,,0,,13,72,0,21,0,0,0,0,0,
1992,180,0,0,0,0,0,0,,,0,,14,49,0,19,3,24,1,10,0,
1992,445,0,0,0,0,0,0,,,0,,5,7,2,4,0,0,0,0,0,
1992,111,0,0,0,0,0,0,,,0,,1,1,0,1,1,41,0,41,0,
1992,314,0,0,0,0,0,0,,,0,,0,0,0,0,7,114,1,34,0,
1992,51,0,0,0,0,0,0,,,0,,0,0,0,0,7,113,0,31,0,
1992,372,0,0,0,0,0,0,,,0,,1,0,0,0,0,0,0,0,1,0
1992,168,0,,,,,,,,,,,,,,0,0,0,0,0,
1991,329,23,18,30,212,0,0,1,7,61,81.5,6,23,0,9,0,0,0,0,0,
1991,417,23,0,0,0,0,0,,0,0,,15,135,1,31,5,55,0,15,0,
1991,232,23,0,0,0,0,0,,,0,,2,4,0,3,2,23,0,19,0,
1991,368,23,0,0,0,0,0,,,0,,1,3,0,3,0,0,0,0,0,
1991,209,23,0,0,0,0,0,,,0,,1,1,1,1,0,0,0,0,1,
1991,62,23,0,0,0,0,0,,,0,,0,0,0,0,8,62,0,20,0,
1991,143,23,0,0,0,0,0,,,0,,0,0,0,0,1,61,0,61,0,
1991,15,23,0,0,0,0,0,,,0,,0,0,0,0,2,11,0,6,0,
1991,115,23,0,0,0,0,0,,,0,,0,0,0,0,0,0,0,0,0,
1991,73,24,20,32,222,1,0,2,8,22,93.5,6,10,0,5,0,0,0,0,0,
1991,279,24,0,0,0,0,0,0,,0,,9,48,0,17,2,18,0,11,0,
1991,394,24,0,0,0,0,0,,,0,,21,102,1,24,1,7,0,7,0,
1991,78,24,0,0,0,0,0,,,0,,3,12,0,5,1,3,0,3,0,
1991,39,24,0,0,0,0,0,,,0,,0,0,0,0,5,74,0,22,0,
1991,311,24,0,0,0,0,0,,,0,,0,0,0,0,5,50,0,19,0,
1991,124,24,0,0,0,0,0,,,0,,0,0,0,0,4,39,0,13,0,
1991,409,24,0,0,0,0,0,,,0,,0,0,0,0,2,31,1,17,0,
1991,274,24,,,,,,,,,,,,,,0,0,0,,0,
1990,106,4,10,26,108,0,2,4,30,27,19.4,4,8,1,3,0,0,0,0,2,1
1990,231,4,1,3,28,0,0,2,3,28,68.7,0,0,0,0,0,0,0,0,0,
1990,296,4,0,0,0,0,0,,,0,,12,61,0,34,3,38,0,27,1,1
1990,495,4,0,0,0,0,0,,,0,,0,0,0,0,1,28,0,28,0,
1990,478,4,0,0,0,0,0,,,0,,0,0,0,0,2,22,0,12,0,
1990,335,4,0,0,0,0,0,,,0,,0,0,0,0,2,21,0,13,0,
1990,189,4,0,0,0,0,0,,,0,,0,0,0,0,1,14,0,14,0,
1990,252,4,0,0,0,0,0,,,0,,0,0,0,0,1,6,0,6,0,
1990,484,4,0,0,0,0,0,,,0,,0,0,0,0,0,0,0,0,0,
1990,72,4,0,0,0,0,0,,,0,,0,0,0,0,0,0,0,0,0,
1990,75,4,0,0,0,0,0,,0,0,,1,-5,0,-5,1,7,0,7,0,
1990,383,4,,,,,,,,,,,,,,0,0,0,0,,
1990,134,18,22,29,297,5,0,1,0,38,147.6,2,15,0,10,0,0,0,0,0,
1990,5,18,2,3,20,0,0,0,0,13,85.4,4,6,0,11,0,0,0,0,0,
1990,120,18,0,0,0,0,0,0,,0,,20,69,1,18,5,34,0,12,0,
1990,406,18,0,0,0,0,0,,,0,,11,38,2,18,4,43,0,18,0,
1990,425,18,0,0,0,0,0,,,0,,6,14,0,10,0,0,0,0,0,
1990,350,18,0,0,0,0,0,,,0,,1,2,0,2,1,7,0,7,0,
1990,318,18,0,0,0,0,0,,,0,,0,0,0,0,7,148,3,38,0,
1990,206,18,0,0,0,0,0,,,0,,0,0,0,0,3,49,1,35,0,
1990,463,18,0,0,0,0,0,,,0,,0,0,0,0,1,13,0,13,0,
1990,205,18,0,0,0,0,0,,,0,,0,0,0,0,1,9,0,9,0,
1990,100,18,0,0,0,0,0,,,0,,0,0,0,0,1,7,0,7,0,
1990,42,18,0,0,0,0,0,,,0,,0,0,0,0,1,7,1,7,0,
1990,90,18,,,,,,,,,,,,,,0,0,0,0,,
1989,387,5,11,25,144,0,1,5,21,23,46.1,1,0,0,0,0,0,0,0,0,
1989,302,5,0,0,0,0,0,,0,0,,20,79,0,10,0,0,0,0,0,
1989,86,5,0,0,0,0,0,,,0,,6,24,0,11,2,32,0,20,0,
1989,52,5,0,0,0,0,0,,,0,,1,3,0,3,0,0,0,0,0,
1989,367,5,0,0,0,0,0,,,0,,0,0,0,0,3,40,0,23,0,
1989,365,5,0,0,0,0,0,,,0,,0,0,0,0,3,32,0,17,0,
1989,442,5,0,0,0,0,0,,,0,,0,0,0,0,2,23,0,18,0,
1989,401,5,0,0,0,0,0,,,0,,0,0,0,0,1,17,0,17,1,
1989,411,5,0,0,0,0,0,,,0,,0,0,0,0,0,0,0,0,0,
1989,375,5,,,,,,,,,,,,,,0,0,0,0,,
1989,134,18,23,36,357,2,0,3,14,44,115.2,4,13,0,11,0,0,0,0,2,0
1989,120,18,0,0,0,0,0,,,0,,17,71,0,13,8,101,0,40,1,1
1989,406,18,0,0,0,0,0,,,0,,5,23,0,11,1,16,0,16,0,
1989,318,18,0,0,0,0,0,,,0,,1,5,0,5,11,215,1,44,0,
1989,80,18,0,0,0,0,0,,,0,,0,0,0,0,2,15,0,8,0,
1989,206,18,0,0,0,0,0,,,0,,0,0,0,0,1,10,1,10,1,0
1989,90,18,,,,,,,,,,,,,,0,0,0,0,,
1988,106,4,14,38,257,1,3,5,50,56,36.8,3,32,0,21,1,23,0,23,0,
1988,478,4,1,1,23,0,0,0,0,23,118.7,1,-3,0,-3,4,41,0,18,0,
1988,242,4,0,0,0,0,0,,,0,,5,38,0,13,1,7,0,7,0,
1988,75,4,0,0,0,0,0,,0,0,,8,30,0,13,1,26,0,26,0,
1988,484,4,0,0,0,0,0,,,0,,0,0,0,0,4,76,0,32,0,
1988,495,4,0,0,0,0,0,,,0,,0,0,0,0,2,69,1,56,0,
1988,252,4,0,0,0,0,0,,,0,,0,0,0,0,2,38,0,27,0,
1988,104,0,18,29,340,4,1,1,10,80,127.9,2,-2,0,-1,0,0,0,0,0,
1988,455,0,0,1,0,0,0,1,8,0,39.6,0,0,0,0,0,0,0,0,0,
1988,316,0,0,0,0,0,0,,,0,,22,204,2,58,1,9,0,9,0,
1988,298,0,0,0,0,0,0,,,0,,8,38,0,15,1,20,0,20,0,
1988,314,0,0,0,0,0,0,,,0,,1,25,0,25,3,55,1,27,0,
1988,307,0,0,0,0,0,0,,,0,,5,17,0,5,0,0,0,0,0,
1988,369,0,0,0,0,0,0,,,0,,1,2,0,2,0,0,0,0,0,
1988,51,0,0,0,0,0,0,,,0,,0,0,0,0,1,40,0,40,0,
1988,280,0,0,0,0,0,0,,,0,,0,0,0,0,2,15,0,9,0,
1988,377,0,0,0,0,0,0,,,0,,0,0,0,0,1,8,1,8,0,
1988,111,0,0,0,0,0,0,,,0,,1,-4,0,-4,9,193,2,80,1,0
1987,106,4,22,37,304,1,1,3,26,54,83.6,6,27,1,10,0,0,0,0,1,
1987,231,4,4,4,48,0,0,1,6,23,116.7,0,0,0,0,0,0,0,0,0,
1987,472,4,0,0,0,0,0,,0,0,,4,19,0,11,5,39,0,11,0,
1987,478,4,0,0,0,0,0,,,0,,3,4,0,12,2,12,0,7,0,
1987,242,4,0,0,0,0,0,,,0,,2,2,0,4,1,4,0,4,0,
1987,335,4,0,0,0,0,0,,,0,,0,0,0,0,5,121,1,54,0,
1987,462,4,0,0,0,0,0,,0,0,,0,0,0,0,2,54,0,31,0,
1987,484,4,0,0,0,0,0,,,0,,0,0,0,0,3,51,0,24,0,
1987,75,4,0,0,0,0,0,,0,0,,4,0,0,3,4,34,0,14,0,
1987,260,4,0,0,0,0,0,,,0,,0,0,0,0,2,20,0,11,0,
1987,72,4,0,0,0,0,0,,,0,,0,0,0,0,2,17,0,11,0,
1987,252,4,0,0,0,0,0,,,0,,0,0,0,0,0,0,0,0,0,
1987,324,24,22,25,268,3,0,1,5,44,150.9,3,25,0,22,0,0,0,0,0,
1987,372,24,0,0,0,0,0,0,,0,,3,0,0,2,0,0,0,0,0,
1987,169,24,0,0,0,0,0,,,0,,20,67,1,11,4,20,0,12,0,
1987,379,24,0,0,0,0,0,,,0,,3,22,0,18,1,23,0,23,0,
1987,123,24,0,0,0,0,0,,,0,,4,17,0,7,0,0,0,0,0,
1987,78,24,0,0,0,0,0,,,0,,3,4,0,2,4,13,0,7,0,
1987,394,24,0,0,0,0,0,,,0,,2,1,1,2,0,0,0,0,0,
1987,240,24,0,0,0,0,0,,,0,,0,0,0,0,3,62,0,36,0,
1987,311,24,0,0,0,0,0,,,0,,0,0,0,0,4,51,1,17,0,
1987,439,24,0,0,0,0,0,,,0,,0,0,0,0,2,50,1,44,0,
1987,28,24,0,0,0,0,0,,,0,,0,0,0,0,3,43,0,17,0,
1987,492,24,0,0,0,0,0,,,0,,0,0,0,0,1,6,1,6,0,